³¯1­¦,0911001001,1234@eeee.com
³¯2­¦,0911001002,2234@eeee.com
³¯3­¦,0911001003,3234@eeee.com
³¯4­¦,0911001004,4234@eeee.com
³¯5­¦,0911001005,5234@eeee.com
³¯6­¦,09101006,6234@eeee.com
³¯7­¦,0911001007,7234@eeee.com0
³¯8­¦,0911001008,8234@eeee.com
³¯9­¦,0911001009,9234@eeee.com
³¯10­¦,0911001010,10234@eeee.com
¶À1­¦,0911001011,11234@eeee.com
¶À2­¦,0911001012,12234@eeee.com
¶À3­¦,091122001013,13234@eeee.com
¶À4­¦,0911001014,14234@eeee.com
¶À5­¦,0911001015,15234@eeee.com
¶À6­¦,0911001016,16234eeee.com
¶À7­¦,0911001017,17234@eeee.com
¶À,0911001018,18234@eeee.com
¶À9­¦,0911001019,19234@eeee.com
